12-15-2023 12:29:28 | INFO | Synchronization completed successfully.
12-15-2023 12:29:28 | INFO | Synchronization process sleep in around 10 seconds.
12-15-2023 12:29:38 | INFO | Synchronization completed successfully.
12-15-2023 12:29:38 | INFO | Synchronization process sleep in around 10 seconds.
12-15-2023 12:29:48 | INFO | Creating directory: ./replica\descriptions
12-15-2023 12:29:48 | INFO | Synchronization completed successfully.
12-15-2023 12:29:48 | INFO | Synchronization process sleep in around 10 seconds.
12-15-2023 12:29:58 | INFO | Copying new file: ./replica\descriptions\task.txt
12-15-2023 12:29:58 | INFO | Synchronization completed successfully.
12-15-2023 12:29:58 | INFO | Synchronization process sleep in around 10 seconds.
12-15-2023 12:30:08 | INFO | Updating file: ./replica\descriptions\task.txt
12-15-2023 12:30:08 | INFO | Synchronization completed successfully.
12-15-2023 12:30:08 | INFO | Synchronization process sleep in around 10 seconds.
12-15-2023 12:30:18 | INFO | Synchronization completed successfully.
12-15-2023 12:30:18 | INFO | Synchronization process sleep in around 10 seconds.
12-15-2023 12:30:28 | INFO | Removing file: ./replica\descriptions\task.txt
12-15-2023 12:30:28 | INFO | Synchronization completed successfully.
12-15-2023 12:30:28 | INFO | Synchronization process sleep in around 10 seconds.
12-15-2023 12:30:38 | INFO | Copying new file: ./replica\descriptions\task.txt
12-15-2023 12:30:38 | INFO | Synchronization completed successfully.
12-15-2023 12:30:38 | INFO | Synchronization process sleep in around 10 seconds.
12-15-2023 12:31:04 | INFO | Updating file: ./replica\descriptions\task.txt
12-15-2023 12:31:04 | INFO | Synchronization completed successfully.
12-15-2023 12:31:04 | INFO | Synchronization process sleep in around 30 seconds.
12-15-2023 12:31:34 | INFO | Updating file: ./replica\descriptions\task.txt
12-15-2023 12:31:34 | INFO | Synchronization completed successfully.
12-15-2023 12:31:34 | INFO | Synchronization process sleep in around 30 seconds.
12-15-2023 12:32:04 | INFO | Updating file: ./replica\descriptions\task.txt
12-15-2023 12:32:04 | INFO | Synchronization completed successfully.
12-15-2023 12:32:04 | INFO | Synchronization process sleep in around 30 seconds.
12-15-2023 12:32:34 | INFO | Synchronization completed successfully.
12-15-2023 12:32:34 | INFO | Synchronization process sleep in around 30 seconds.
12-15-2023 12:33:04 | INFO | Updating file: ./replica\descriptions\task.txt
12-15-2023 12:33:04 | INFO | Synchronization completed successfully.
12-15-2023 12:33:04 | INFO | Synchronization process sleep in around 30 seconds.
12-15-2023 12:33:34 | INFO | Synchronization completed successfully.
12-15-2023 12:33:34 | INFO | Synchronization process sleep in around 30 seconds.
12-15-2023 12:34:04 | INFO | Synchronization completed successfully.
12-15-2023 12:34:04 | INFO | Synchronization process sleep in around 30 seconds.
12-15-2023 12:34:34 | INFO | Synchronization completed successfully.
12-15-2023 12:34:34 | INFO | Synchronization process sleep in around 30 seconds.
12-15-2023 12:35:04 | INFO | Synchronization completed successfully.
12-15-2023 12:35:04 | INFO | Synchronization process sleep in around 30 seconds.
12-15-2023 12:35:34 | INFO | Synchronization completed successfully.
12-15-2023 12:35:34 | INFO | Synchronization process sleep in around 30 seconds.
12-15-2023 12:40:32 | INFO | Updating file: ./replica\descriptions\task.txt
12-15-2023 12:40:32 | INFO | Synchronization completed successfully.
12-15-2023 12:40:32 | INFO | Synchronization process sleep in around 30 seconds.
12-16-2023 11:38:55 | INFO | Updating file: ./replica\descriptions\task.txt
12-16-2023 11:38:55 | INFO | Synchronization completed successfully.
12-16-2023 11:38:55 | INFO | Synchronization process sleep in around 30 seconds.
12-16-2023 11:39:25 | INFO | Creating directory: ./replica\hoc
12-16-2023 11:39:25 | INFO | Creating directory: ./replica\hoc2
12-16-2023 11:39:25 | INFO | Copying new file: ./replica\hoc2\test.txt
12-16-2023 11:39:25 | INFO | Synchronization completed successfully.
12-16-2023 11:39:25 | INFO | Synchronization process sleep in around 30 seconds.
12-16-2023 11:39:55 | INFO | Copying new file: ./replica\hoc\test.txt
12-16-2023 11:39:55 | INFO | Removing file: ./replica\hoc2\test.txt
12-16-2023 11:39:55 | INFO | Removing directory: ./replica\hoc2
12-16-2023 11:39:55 | INFO | Synchronization completed successfully.
12-16-2023 11:39:55 | INFO | Synchronization process sleep in around 30 seconds.
12-16-2023 11:40:25 | INFO | Updating file: ./replica\hoc\test.txt
12-16-2023 11:40:25 | INFO | Synchronization completed successfully.
12-16-2023 11:40:25 | INFO | Synchronization process sleep in around 30 seconds.
12-16-2023 11:40:55 | INFO | Synchronization completed successfully.
12-16-2023 11:40:55 | INFO | Synchronization process sleep in around 30 seconds.
12-16-2023 11:41:25 | INFO | Synchronization completed successfully.
12-16-2023 11:41:25 | INFO | Synchronization process sleep in around 30 seconds.
12-16-2023 11:41:55 | INFO | Synchronization completed successfully.
12-16-2023 11:41:55 | INFO | Synchronization process sleep in around 30 seconds.
12-16-2023 11:42:25 | INFO | Synchronization completed successfully.
12-16-2023 11:42:25 | INFO | Synchronization process sleep in around 30 seconds.
12-16-2023 11:42:55 | INFO | Synchronization completed successfully.
12-16-2023 11:42:55 | INFO | Synchronization process sleep in around 30 seconds.
12-16-2023 11:48:22 | INFO | Updating file: ./replica\descriptions\task.txt
12-16-2023 11:48:22 | INFO | Updating file: ./replica\hoc\test.txt
12-16-2023 11:48:22 | INFO | Synchronization completed successfully.
12-16-2023 11:48:22 | INFO | Synchronization process sleep in around 30 seconds.
12-16-2023 11:48:52 | INFO | Synchronization completed successfully.
12-16-2023 11:48:52 | INFO | Synchronization process sleep in around 30 seconds.
12-16-2023 12:01:05 | INFO | Updating file: ./replica\descriptions\task.txt
12-16-2023 12:01:05 | INFO | Updating file: ./replica\hoc\test.txt
12-16-2023 12:01:05 | INFO | Synchronization completed successfully.
12-16-2023 12:01:05 | INFO | Synchronization process sleep in around 30 seconds.
12-16-2023 12:01:35 | INFO | Creating directory: ./replica\test
12-16-2023 12:01:35 | INFO | Copying new file: ./replica\test\hoc.csv
12-16-2023 12:01:35 | INFO | Synchronization completed successfully.
12-16-2023 12:01:35 | INFO | Synchronization process sleep in around 30 seconds.
12-16-2023 12:02:05 | INFO | Updating file: ./replica\test\hoc.csv
12-16-2023 12:02:05 | INFO | Synchronization completed successfully.
12-16-2023 12:02:05 | INFO | Synchronization process sleep in around 30 seconds.
12-16-2023 12:02:35 | INFO | Synchronization completed successfully.
12-16-2023 12:02:35 | INFO | Synchronization process sleep in around 30 seconds.
12-16-2023 12:03:05 | INFO | Synchronization completed successfully.
12-16-2023 12:03:05 | INFO | Synchronization process sleep in around 30 seconds.
12-16-2023 12:03:35 | INFO | Synchronization completed successfully.
12-16-2023 12:03:35 | INFO | Synchronization process sleep in around 30 seconds.
12-16-2023 12:04:05 | INFO | Synchronization completed successfully.
12-16-2023 12:04:05 | INFO | Synchronization process sleep in around 30 seconds.
12-16-2023 12:04:35 | INFO | Synchronization completed successfully.
12-16-2023 12:04:35 | INFO | Synchronization process sleep in around 30 seconds.
12-16-2023 12:05:05 | INFO | Removing file: ./replica\hoc\test.txt
12-16-2023 12:05:05 | INFO | Synchronization completed successfully.
12-16-2023 12:05:05 | INFO | Synchronization process sleep in around 30 seconds.
12-16-2023 12:05:38 | INFO | Updating file: ./replica\descriptions\task.txt
12-16-2023 12:05:38 | INFO | Removing directory: ./replica\test
12-16-2023 12:05:38 | INFO | Synchronization completed successfully.
12-16-2023 12:05:38 | INFO | Synchronization process sleep in around 30 seconds.
12-17-2023 10:26:21 | INFO | Updating file: ./replica\descriptions\task.txt
12-17-2023 10:26:22 | INFO | Synchronization completed successfully.
12-17-2023 10:26:22 | INFO | Synchronization process sleep in around 30 seconds.
12-17-2023 10:26:52 | INFO | Creating directory: ./replica\hoc
12-17-2023 10:26:52 | INFO | Copying new file: ./replica\hoc\test.csv
12-17-2023 10:26:52 | INFO | Synchronization completed successfully.
12-17-2023 10:26:52 | INFO | Synchronization process sleep in around 30 seconds.
12-17-2023 10:27:22 | INFO | Updating file: ./replica\hoc\test.csv
12-17-2023 10:27:22 | INFO | Synchronization completed successfully.
12-17-2023 10:27:22 | INFO | Synchronization process sleep in around 30 seconds.
12-17-2023 10:27:52 | INFO | Removing file: ./replica\hoc\test.csv
12-17-2023 10:27:52 | INFO | Removing directory: ./replica\hoc
12-17-2023 10:27:52 | INFO | Synchronization completed successfully.
12-17-2023 10:27:52 | INFO | Synchronization process sleep in around 30 seconds.
12-17-2023 10:28:22 | INFO | Synchronization completed successfully.
12-17-2023 10:28:22 | INFO | Synchronization process sleep in around 30 seconds.
12-17-2023 10:28:52 | INFO | Creating directory: ./replica\hoc
12-17-2023 10:28:52 | INFO | Copying new file: ./replica\hoc\test2.csv
12-17-2023 10:28:52 | INFO | Synchronization completed successfully.
12-17-2023 10:28:52 | INFO | Synchronization process sleep in around 30 seconds.
12-17-2023 10:29:22 | INFO | Updating file: ./replica\hoc\test2.csv
12-17-2023 10:29:22 | INFO | Synchronization completed successfully.
12-17-2023 10:29:22 | INFO | Synchronization process sleep in around 30 seconds.
12-17-2023 10:29:52 | INFO | Updating file: ./replica\hoc\test2.csv
12-17-2023 10:29:52 | INFO | Synchronization completed successfully.
12-17-2023 10:29:52 | INFO | Synchronization process sleep in around 30 seconds.
12-17-2023 10:30:22 | INFO | Synchronization completed successfully.
12-17-2023 10:30:22 | INFO | Synchronization process sleep in around 30 seconds.
12-17-2023 10:30:52 | INFO | Synchronization completed successfully.
12-17-2023 10:30:52 | INFO | Synchronization process sleep in around 30 seconds.
12-17-2023 10:31:22 | INFO | Synchronization completed successfully.
12-17-2023 10:31:22 | INFO | Synchronization process sleep in around 30 seconds.
12-17-2023 10:33:54 | INFO | Updating file: ./replica\descriptions\task.txt
12-17-2023 10:33:54 | INFO | Updating file: ./replica\hoc\test2.csv
12-17-2023 10:33:54 | INFO | Synchronization completed successfully.
12-17-2023 10:33:54 | INFO | Synchronization process sleep in around 30 seconds.
12-17-2023 10:34:24 | INFO | Creating directory: ./replica\hoc copy
12-17-2023 10:34:24 | INFO | Copying new file: ./replica\hoc copy\test2.csv
12-17-2023 10:34:24 | INFO | Synchronization completed successfully.
12-17-2023 10:34:24 | INFO | Synchronization process sleep in around 30 seconds.
12-17-2023 10:34:54 | INFO | Updating file: ./replica\hoc copy\test2.csv
12-17-2023 10:34:54 | INFO | Synchronization completed successfully.
12-17-2023 10:34:54 | INFO | Synchronization process sleep in around 30 seconds.
12-17-2023 10:35:24 | INFO | Removing file: ./replica\hoc copy\test2.csv
12-17-2023 10:35:24 | INFO | Removing directory: ./replica\hoc copy
12-17-2023 10:35:24 | INFO | Synchronization completed successfully.
12-17-2023 10:35:24 | INFO | Synchronization process sleep in around 30 seconds.
12-17-2023 10:35:54 | INFO | Removing file: ./replica\hoc\test2.csv
12-17-2023 10:35:54 | INFO | Removing directory: ./replica\hoc
12-17-2023 10:35:54 | INFO | Synchronization completed successfully.
12-17-2023 10:35:54 | INFO | Synchronization process sleep in around 30 seconds.
